转债编码,名称,正股代码,正股名称,转债价格,溢价率,信用,续存期,税前收益率,营收(亿元),应收同比(%),净利润(亿元),净利润同比(%),利润率(%),利润率同比(%),ROE(%),ROE同比(%),负债率,负债率同比(%),报告期,PB,股票市值(亿元),转股余额(亿元),余额/股本(%),双低值
118000,嘉元转债,688388,嘉元科技,115.19,25.8,AA-,0.02,0.85,7.89,-32.76,1.17,-56.57,14.77,-35.42,4.59,-80.11,12.08,232.09,2020-09-30,6.57,167.0,12.4,6.8,140.99
123100,朗科转债,300543,朗科智能,102.611,10.2,AA-,0.02,2.37,10.72,6.2,0.87,14.75,8.11,7.99,10.84,0.18,42.32,17.46,2020-09-30,3.59,29.0,3.8,12.0,112.81
123099,普利转债,300630,普利制药,115.2,26.3,AA-,0.04,1.21,7.82,28.51,2.85,38.3,36.44,7.62,25.5,20.11,29.67,14.28,2020-09-30,9.41,184.0,8.5,4.2,141.5
123098,一品转债,300723,一品红,142.2,24.5,AA-,0.08,-2.35,11.94,0.25,1.97,17.19,16.46,16.9,14.04,13.68,29.91,43.82,2020-09-30,5.75,84.0,4.8,6.5,166.7
123097,美力转债,300611,美力科技,104.3,6.2,A+,0.07,2.72,4.33,7.52,0.31,33.46,7.25,24.14,4.96,41.31,41.94,5.89,2020-09-30,2.55,16.0,3.0,17.9,110.5
123096,思创转债,300078,思创医惠,106.31,8.1,AA-,0.06,2.72,10.28,-3.73,0.77,-36.5,7.49,-34.07,2.63,-51.21,34.28,-0.51,2020-09-30,2.32,71.0,8.17,11.4,114.41
113621,彤程转债,603650,彤程新材,117.26,10.7,AA,0.08,-0.32,15.0,-8.44,3.29,0.29,21.95,9.53,14.1,2.69,41.64,12.27,2020-09-30,8.68,205.0,8.0,4.1,127.96
113042,上银转债,601229,上海银行,101.21,28.0,AAA,0.11,3.18,375.36,-0.91,150.52,-7.99,40.1,-7.15,9.2475,-16.35,92.33,0.3,2020-09-30,0.74,"1,239",200.0,12.8,129.21
113619,世运转债,603920,世运电路,101.26,62.3,AA,0.09,2.28,18.14,2.69,2.15,-0.97,11.87,-3.57,8.18,-9.31,31.85,23.67,2020-09-30,2.6,68.0,10.0,9.2,163.56
123093,金陵转债,300651,金陵体育,110.45,24.2,A+,0.09,2.82,3.0,-2.99,0.3,8.43,9.83,11.83,4.36,-19.26,28.73,-1.79,2020-09-30,8.23,56.0,2.5,3.9,134.65
113618,美诺转债,603538,美诺华,109.04,28.6,AA-,0.13,0.98,9.48,11.37,1.41,10.21,14.87,-1.06,9.82,-4.1,38.62,-4.24,2020-09-30,3.12,48.0,5.2,9.3,137.64
128143,锋龙转债,002931,锋龙股份,99.037,18.6,A+,0.15,3.7,3.8,29.37,0.53,17.41,14.06,-9.23,9.57,9.12,23.78,-4.28,2020-09-30,3.71,21.0,2.45,9.6,117.64
127028,英特转债,000411,英特集团,94.004,43.9,AA+,0.04,3.31,184.95,0.99,1.15,-6.66,0.62,-7.46,7.33,-34.9,72.66,-3.41,2020-09-30,1.99,32.0,6.0,12.1,137.9
113616,韦尔转债,603501,韦尔股份,141.72,24.5,AA+,0.16,-3.68,139.69,48.51,17.27,1177.75,12.36,758.33,16.93,611.34,51.43,-5.85,2020-09-30,21.71,"2,200",24.4,1.3,166.22
123092,天壕转债,300332,天壕环境,112.79,11.9,A+,0.18,1.34,10.56,-8.93,0.35,-26.4,3.32,-19.22,1.02,-25.55,55.3,-0.75,2020-09-30,1.34,46.0,4.23,9.2,124.69
113615,金诚转债,603979,金诚信,125.78,2.3,AA,0.19,-1.23,27.7,15.55,2.76,18.48,9.96,2.57,6.27,11.57,33.24,-9.53,2020-09-30,2.04,91.0,10.0,13.5,128.08
123091,长海转债,300196,长海股份,127.89,25.0,AA,0.18,-1.68,14.77,-11.3,1.96,-16.39,13.28,-5.75,7.18,-26.66,13.99,-10.45,2020-09-30,2.43,68.0,5.5,8.3,152.89
123089,九洲转2,300040,九洲集团,104.3,7.1,AA-,0.2,2.67,8.27,102.21,0.56,32.76,6.8,-34.3,2.74,24.55,63.83,21.57,2020-09-30,1.35,30.0,5.0,16.4,111.4
123090,三诺转债,300298,三诺生物,113.438,36.4,AA,0.19,0.56,15.29,21.54,2.49,17.02,16.31,-3.72,9.11,14.74,22.58,33.3,2020-09-30,6.14,166.0,5.0,2.5,149.84
128142,新乳转债,002946,新乳业,118.2,41.9,AA,0.17,-0.47,46.57,10.32,1.85,3.7,3.98,-5.91,9.19,-2.96,72.3,15.82,2020-09-30,6.5,133.0,7.18,4.5,160.1
128141,旺能转债,002034,旺能环境,118.0,1.8,AA,0.18,-0.44,11.92,34.5,3.78,20.21,31.73,-10.62,8.18,2.12,56.96,7.4,2020-09-30,1.81,80.0,14.0,20.2,119.8
113614,健20转债,603707,健友股份,122.8,19.1,AA,0.18,-1.28,21.58,18.08,6.13,36.69,28.41,15.77,19.24,12.25,44.41,16.28,2020-09-30,10.69,366.0,7.8,2.2,141.9
123087,明电转债,300739,明阳电路,102.55,10.8,AA-,0.21,3.02,9.61,13.29,1.1,7.16,11.42,-5.39,8.12,1.25,28.97,3.46,2020-09-30,3.13,43.0,6.73,14.5,113.35
123088,威唐转债,300707,威唐工业,93.2,39.0,A+,0.21,4.86,4.18,44.32,0.37,29.84,8.74,-10.08,5.51,25.8,24.79,17.36,2020-09-30,3.21,22.0,3.01,9.2,132.2
113044,大秦转债,601006,大秦铁路,102.42,13.5,AAA,0.18,1.94,526.79,-12.02,89.0,-26.37,16.9,-16.3,7.71,-30.79,15.97,-15.93,2020-09-30,0.88,"1,027",320.0,28.1,115.92
123085,万顺转2,300057,万顺新材,92.663,18.7,AA-,0.23,3.65,36.23,14.63,0.5,-40.63,1.38,-48.31,1.48,-46.18,52.91,5.47,2020-09-30,0.96,33.0,9.0,21.4,111.36
123086,海兰转债,300065,海兰信,103.8,7.1,AA-,0.12,3.14,4.85,-7.38,0.36,-57.42,7.49,-54.02,2.27,-56.93,26.79,31.85,2020-09-30,2.81,42.0,7.3,16.9,110.9
123084,高澜转债,300499,高澜股份,98.0,21.8,A+,0.2,3.99,8.2,43.59,0.44,22.8,5.35,-14.54,5.75,12.75,57.78,21.36,2020-09-30,3.26,25.0,2.8,8.9,119.8
127027,靖远转债,000552,靖远煤电,93.975,11.4,AA+,0.16,3.72,27.32,-6.25,3.82,-0.42,13.97,6.16,4.82,-2.63,26.6,14.92,2020-09-30,0.81,64.0,28.0,36.8,105.38
113043,财通转债,601108,财通证券,108.69,23.8,AAA,0.23,0.24,46.53,40.01,15.14,52.12,32.53,8.65,7.01,41.33,74.55,11.74,2020-09-30,1.93,420.0,38.0,7.9,132.49
123083,朗新转债,300682,朗新科技,113.5,16.0,AA,0.21,0.25,14.35,11.78,1.36,-73.69,9.46,-76.46,2.86,-84.67,15.9,-25.73,2020-09-30,3.26,156.0,8.0,5.0,129.5
127026,超声转债,000823,超声电子,98.151,25.5,AA,0.19,2.56,36.26,2.1,2.1,2.53,5.8,0.35,5.82,-3.48,30.6,2.09,2020-09-30,1.47,54.0,7.0,10.1,123.65
113612,永冠转债,603681,永冠新材,110.85,6.3,AA-,0.21,1.61,17.37,15.44,1.39,28.78,7.98,11.45,9.72,6.35,45.25,74.39,2020-09-30,2.44,36.0,5.2,15.0,117.15
128140,润建转债,002929,润建股份,101.0,10.4,AA,0.23,2.37,28.48,13.32,1.45,-0.37,5.1,-12.07,4.98,-7.78,47.35,29.18,2020-09-30,1.81,54.0,10.9,18.6,111.4
123082,北陆转债,300016,北陆药业,111.147,4.2,A+,0.23,1.64,8.27,1.0,1.75,-48.98,21.12,-49.49,11.49,-55.74,33.55,214.39,2020-12-31,2.9,47.0,5.0,11.4,115.35
123081,精研转债,300709,精研科技,97.8,61.4,AA-,0.25,3.93,11.14,8.14,0.87,-15.14,7.8,-21.53,5.91,-24.04,39.71,25.02,2020-09-30,2.99,45.0,5.7,7.7,159.2
123080,海波转债,300517,海波重科,102.301,9.8,A+,0.25,3.89,4.59,-6.84,0.34,-2.98,7.45,4.05,4.6,-11.71,51.73,4.46,2020-09-30,2.72,21.0,2.45,11.0,112.1
113611,福20转债,603806,福斯特,129.81,23.0,AA,0.25,-2.62,54.69,19.14,8.71,47.06,15.93,23.39,11.94,15.47,11.6,-17.24,2020-09-30,7.5,598.0,17.0,3.0,152.81
113610,灵康转债,603669,灵康药业,101.76,9.6,AA-,0.25,3.17,7.7,-36.44,1.52,1.09,19.79,59.08,11.33,0.35,33.62,-16.06,2020-09-30,4.28,58.0,5.25,8.4,111.36
123079,运达转债,300772,运达股份,119.0,13.6,AA,0.24,-0.59,69.52,156.74,0.66,115.24,0.95,-16.67,4.33,73.2,89.75,5.3,2020-09-30,3.06,47.0,5.77,12.8,132.6
128139,祥鑫转债,002965,祥鑫科技,106.0,6.3,AA-,0.24,2.4,12.94,15.54,1.19,2.04,9.23,-11.67,7.1,-49.18,32.31,-23.19,2020-09-30,3.31,56.0,6.47,11.5,112.3
123078,飞凯转债,300398,飞凯材料,108.351,3.7,AA,0.27,1.1,18.64,23.17,2.3,-9.92,12.33,-26.87,9.03,-18.79,47.3,-0.84,2020-12-31,3.19,84.0,8.2,10.2,112.05
113609,永安转债,603776,永安行,101.03,3.3,AA-,0.25,3.22,6.58,1.08,1.1,1.09,16.67,0.0,3.99,-11.14,29.8,-10.67,2020-09-30,1.34,37.0,8.86,23.2,104.33
123077,汉得转债,300170,汉得信息,96.448,29.7,AA,0.27,4.84,18.62,-16.75,0.41,-51.2,2.2,-41.33,1.31,-53.05,22.9,-16.21,2020-09-30,2.01,64.0,9.37,10.9,126.15
110077,洪城转债,600461,洪城水业,108.74,14.4,AA+,0.26,0.77,46.07,25.42,5.21,48.57,11.31,18.43,10.7,10.65,62.19,0.66,2020-09-30,1.27,64.0,18.0,26.6,123.14
123076,强力转债,300429,强力新材,93.98,53.0,AA-,0.3,4.27,5.69,-12.69,0.86,-34.0,15.16,-24.43,5.06,-37.84,17.58,-1.21,2020-09-30,3.47,60.0,8.5,8.7,146.98
128138,侨银转债,002973,侨银股份,104.12,27.5,AA-,0.24,5.0,21.92,39.26,2.93,194.17,13.37,111.22,24.49,93.75,58.62,-6.9,2020-09-30,6.35,85.0,4.2,4.0,131.62
113608,威派转债,603956,威派格,100.85,22.0,A+,0.32,3.46,5.92,10.98,0.84,16.35,14.14,4.9,7.38,4.09,27.8,51.78,2020-09-30,5.94,68.0,4.2,5.1,122.85
127025,冀东转债,000401,冀东水泥,115.7,16.7,AAA,0.3,-0.89,354.8,2.82,28.5,5.53,8.03,2.55,16.31,-1.15,45.46,-13.44,2020-12-31,1.48,211.0,28.2,13.3,132.4
127024,盈峰转债,000967,盈峰环境,120.8,16.9,AA+,0.3,-0.61,94.55,8.35,8.98,-6.89,9.5,-14.03,5.62,-12.87,38.61,8.91,2020-09-30,1.68,272.0,14.8,5.6,137.7
128137,洁美转债,002859,洁美科技,126.8,9.0,AA-,0.31,-1.4,9.97,52.12,2.12,120.95,21.21,45.27,12.65,109.09,31.86,42.05,2020-09-30,7.59,133.0,6.0,5.3,135.8
128136,立讯转债,002475,立讯精密,112.0,90.3,AA+,0.3,-0.02,595.28,57.33,46.8,62.06,7.86,3.01,20.67,21.3,59.54,4.58,2020-09-30,9.64,"2,417",30.0,0.7,202.3
113041,紫金转债,601899,紫金矿业,159.94,10.5,AAA,0.32,-8.21,1715.01,26.01,65.09,51.93,3.8,20.63,12.19,7.12,59.08,9.61,2020-12-31,5.02,"2,580",60.0,3.4,170.44
110076,华海转债,600521,华海药业,113.7,51.4,AA,0.32,0.22,48.71,21.41,8.41,64.23,17.26,35.27,14.15,22.83,46.72,-9.32,2020-09-30,6.12,379.0,18.4,3.7,165.1
123075,贝斯转债,300580,贝斯特,99.2,31.8,AA-,0.33,2.8,6.73,18.9,1.24,5.64,18.37,-11.17,7.89,-3.66,16.88,5.63,2020-09-30,2.24,36.0,6.0,12.5,131.0
113607,伟20转债,603568,伟明环保,117.19,19.8,AA,0.32,-0.33,21.32,38.61,9.07,21.76,42.56,-12.14,19.52,-11.43,39.83,0.18,2020-09-30,5.39,271.0,12.0,4.3,136.99
113606,荣泰转债,603579,荣泰健康,113.23,16.4,AA-,0.34,1.25,14.05,-13.74,1.6,-23.59,11.36,-11.46,10.15,-24.48,29.13,0.83,2020-09-30,2.86,45.0,6.0,12.9,129.63
123074,隆利转债,300752,隆利科技,115.88,4.8,AA-,0.35,1.24,15.14,27.52,0.46,-34.68,3.04,-48.82,5.59,-36.55,59.43,16.48,2020-09-30,4.5,39.0,3.25,9.2,120.68
123073,同和转债,300636,同和药业,113.685,1.4,A+,0.35,1.36,3.39,20.65,0.6,44.45,17.83,19.74,8.28,34.2,33.21,30.94,2020-09-30,4.54,34.0,3.6,11.8,115.09
127023,华菱转2,000932,华菱钢铁,131.55,-6.1,AAA,0.34,-3.18,831.14,2.43,48.37,39.08,5.82,35.66,15.79,-8.99,58.64,-2.19,2020-09-30,1.41,445.0,40.0,12.6,125.45
113605,大参转债,603233,大参林,125.82,28.0,AA,0.36,-1.6,104.92,30.49,8.67,55.9,8.26,19.36,18.08,7.3,48.07,-12.2,2020-09-30,10.84,543.0,14.1,2.5,153.82
113040,星宇转债,601799,星宇股份,135.21,13.1,AA+,0.35,-3.43,47.48,15.67,7.07,33.05,14.89,15.07,13.82,17.42,40.78,0.02,2020-09-30,9.81,522.0,15.0,3.4,148.31
123071,天能转债,300569,天能重工,99.693,36.2,AA-,0.32,3.62,19.94,34.32,2.51,72.32,12.61,28.28,11.71,46.93,70.04,12.3,2020-09-30,2.61,58.0,7.0,8.9,135.89
123072,乐歌转债,300729,乐歌股份,128.418,166.0,A+,0.36,0.17,12.19,73.05,1.61,320.08,13.24,142.49,18.43,261.37,60.28,29.94,2020-09-30,5.14,49.0,1.42,1.4,294.42
123070,鹏辉转债,300438,鹏辉能源,107.63,37.3,AA,0.38,1.23,24.76,-0.77,1.41,-47.89,5.68,-47.55,5.87,-48.73,54.26,1.44,2020-09-30,2.68,66.0,8.9,10.5,144.93
128135,洽洽转债,002557,洽洽食品,117.01,41.0,AA,0.34,0.49,36.51,13.41,5.3,32.3,14.51,16.64,13.59,13.34,26.91,-2.15,2020-09-30,6.68,256.0,13.4,4.3,158.01
127022,恒逸转债,000703,恒逸石化,142.5,7.8,AA+,0.35,-4.78,613.21,-1.42,30.57,38.09,4.98,39.89,12.72,11.87,67.86,5.4,2020-09-30,2.23,560.0,20.0,4.7,150.3
123069,金诺转债,300505,川金诺,101.02,20.0,AA-,0.38,4.13,7.94,-2.1,0.5,-8.43,6.32,-6.37,5.33,-16.72,36.42,6.54,2020-09-30,2.19,21.0,3.68,14.7,121.02
123068,弘信转债,300657,弘信电子,104.88,17.4,AA-,0.38,2.69,19.12,-1.45,0.68,-51.75,3.56,-51.1,4.74,-75.47,61.01,2.93,2020-09-30,3.85,56.0,5.7,9.0,122.28
110075,南航转债,600029,南方航空,130.43,15.4,AAA,0.38,-3.05,653.5,-43.98,-74.63,-283.01,-11.42,-426.29,-11.2,-278.91,73.36,-0.7,2020-09-30,1.5,"1,081",160.0,16.7,145.83
113604,多伦转债,603528,多伦科技,97.57,30.1,AA-,0.35,3.44,3.84,-13.91,0.56,-48.37,14.58,-40.05,3.49,-50.91,19.98,-20.6,2020-09-30,3.04,49.0,6.4,9.8,127.67
128134,鸿路转债,002541,鸿路钢构,129.95,9.9,AA,0.39,-2.2,95.1,24.46,5.02,48.52,5.28,19.46,9.75,31.76,62.6,2.82,2020-09-30,5.06,271.0,18.8,8.2,139.85
113603,东缆转债,603606,东方电缆,119.6,23.6,AA,0.4,-0.71,35.22,37.15,6.13,102.85,17.41,47.92,25.58,59.18,52.33,6.73,2020-09-30,5.58,151.0,8.0,5.1,143.2
128133,奇正转债,002287,奇正藏药,102.943,32.1,AA,0.4,2.45,10.15,4.56,3.25,17.89,31.98,12.76,13.78,4.95,39.3,82.32,2020-09-30,5.18,124.0,8.0,5.0,135.04
123067,斯莱转债,300382,斯莱克,109.5,15.9,AA-,0.44,1.91,6.06,6.15,0.58,-34.7,9.5,-38.47,5.81,-33.83,49.53,6.67,2020-09-30,4.9,50.0,3.88,7.3,125.4
123066,赛意转债,300687,赛意信息,122.0,8.3,A+,0.44,-0.09,9.59,26.26,1.1,111.66,11.43,67.6,10.67,81.77,43.88,87.31,2020-09-30,5.83,55.0,3.2,6.5,130.3
128132,交建转债,002941,新疆交建,91.287,59.2,AA,0.43,4.78,39.17,2.13,0.83,42.58,2.11,39.74,3.37,32.16,74.25,-4.65,2020-09-30,2.84,69.0,8.5,7.1,150.49
128131,崇达转2,002815,崇达技术,100.201,59.4,AA,0.48,2.64,32.92,18.55,3.75,-3.9,11.4,-18.92,9.51,-27.07,43.11,29.59,2020-09-30,2.71,108.0,14.0,8.1,159.6
123065,宝莱转债,300246,宝莱特,104.1,76.8,AA-,0.49,2.92,11.02,80.85,3.15,467.77,28.59,213.83,45.77,379.77,36.4,-20.75,2020-09-30,4.19,35.0,2.19,3.7,180.9
123064,万孚转债,300482,万孚生物,115.25,40.6,AA,0.5,-0.02,21.73,52.6,5.66,95.04,26.04,27.77,22.85,61.26,28.41,65.35,2020-09-30,9.7,263.0,6.0,1.9,155.85
128130,景兴转债,002067,景兴纸业,116.995,1.5,AA,0.51,-0.31,34.78,-10.56,2.03,33.91,5.85,49.62,4.57,28.73,30.92,4.25,2020-09-30,0.97,44.0,11.9,31.4,118.5
128129,青农转债,002958,青农商行,105.043,34.6,AAA,0.51,1.24,70.66,7.39,24.73,4.91,35.0,-2.32,9.78,-6.79,93.09,0.63,2020-09-30,0.97,249.0,50.0,15.7,139.64
113602,景20转债,603228,景旺电子,115.01,20.2,AA,0.5,-0.28,49.27,8.65,6.85,8.51,13.89,-0.14,12.02,-10.03,42.79,25.66,2020-09-30,3.77,226.0,17.8,7.5,135.21
113039,嘉泽转债,601619,嘉泽新能,106.05,2.0,AA,0.51,1.22,8.0,-4.64,1.93,-17.78,24.11,-13.8,5.65,-34.61,69.62,1.62,2020-09-30,2.24,77.0,13.0,17.5,108.05
113601,塞力转债,603716,塞力医疗,97.3,15.6,AA-,0.52,4.26,13.57,3.6,0.29,-67.77,2.11,-68.88,1.9,-64.75,52.11,22.25,2020-09-30,1.93,29.0,5.43,15.6,112.9
128128,齐翔转2,002408,齐翔腾达,110.601,2.8,AA,0.52,0.79,163.33,-32.07,7.87,50.28,4.82,121.1,9.87,41.0,50.32,22.05,2020-09-30,1.91,162.0,17.6,11.6,113.4
128127,文科转债,002775,文科园林,97.499,6.4,AA-,0.53,4.22,20.1,-8.3,1.38,-29.52,6.88,-23.21,5.39,-30.45,49.72,27.1,2020-09-30,0.95,25.0,9.5,34.5,103.9
110074,精达转债,600577,精达股份,107.56,9.3,AA,0.5,1.65,124.47,3.75,4.19,-4.29,3.37,-7.67,11.48,-12.03,52.21,53.21,2020-12-31,1.92,71.0,7.87,10.9,116.86
110072,广汇转债,600297,广汇汽车,84.95,27.7,AA+,0.52,5.77,1082.22,-11.42,13.12,-41.6,1.21,-34.24,3.37,-44.11,65.66,2.02,2020-09-30,0.55,217.0,33.7,10.3,112.65
113600,新星转债,603978,深圳新星,96.1,23.8,AA-,0.53,5.26,7.22,-7.05,0.28,-62.95,3.92,-60.08,1.86,-64.71,39.55,40.4,2020-09-30,1.94,30.0,5.95,15.6,119.9
127021,特发转2,000070,特发信息,100.1,76.1,AA,0.55,2.91,24.49,-19.68,-0.16,-116.69,-0.65,-120.83,-0.55,-114.18,64.42,15.76,2020-09-30,2.02,58.0,5.5,5.4,176.2
128126,赣锋转2,002460,赣锋锂业,158.695,2.0,AA,0.54,-6.51,38.93,-7.54,3.3,0.4,8.49,8.57,3.54,-12.59,43.93,5.69,2020-09-30,13.46,"1,271",20.4,2.5,160.7
113599,嘉友转债,603871,嘉友国际,102.88,18.0,AA-,0.54,3.93,24.3,-22.24,2.83,1.03,11.63,29.94,14.0,-14.06,34.0,37.42,2020-09-30,2.39,48.0,7.2,13.2,120.88
113038,隆20转债,601012,隆基股份,148.91,-0.3,AAA,0.54,-5.29,338.32,49.08,63.57,82.44,18.79,22.41,20.8,22.07,58.22,13.41,2020-09-30,9.13,"2,963",17.5,0.9,148.61
113598,法兰转债,603966,法兰泰克,123.2,-0.5,AA-,0.58,-0.31,8.84,12.49,1.18,51.77,13.32,34.95,10.88,29.52,58.18,-0.88,2020-09-30,3.25,36.0,2.98,10.2,122.7
128125,华阳转债,002949,华阳国际,105.2,31.3,AA-,0.59,2.3,11.26,42.95,1.1,22.74,9.76,-14.16,9.19,0.66,48.92,43.63,2020-09-30,3.32,40.0,4.5,8.9,136.5
113597,佳力转债,603912,佳力图,99.21,64.1,AA-,0.59,4.44,4.48,-10.94,0.83,9.35,18.52,22.81,9.28,-9.02,42.23,7.15,2020-09-30,3.54,31.0,3.0,5.9,163.31
123063,大禹转债,300021,大禹节水,110.68,4.1,AA-,0.59,2.59,11.06,-15.89,0.48,-42.53,4.36,-31.66,3.25,-42.48,62.43,4.33,2020-09-30,2.9,42.0,6.38,16.2,114.78
128124,科华转债,002022,科华生物,96.7,38.8,AA,0.59,2.54,25.67,45.3,4.02,92.9,15.65,32.74,15.54,69.28,35.28,32.1,2020-09-30,2.68,77.0,7.38,6.7,135.5
113596,城地转债,603887,城地香江,88.39,76.7,AA-,0.59,4.9,25.37,25.54,2.83,13.57,11.17,-9.55,8.14,-41.56,51.45,9.73,2020-09-30,1.52,55.0,12.0,10.9,165.09
123062,三超转债,300554,三超新材,106.606,14.5,A,0.6,2.25,1.96,17.75,0.24,93.35,12.08,64.13,4.53,85.66,37.34,-17.77,2020-09-30,2.87,15.0,1.95,12.1,121.11
128123,国光转债,002749,国光股份,107.358,25.5,AA-,0.59,1.53,8.66,9.11,1.97,9.07,22.79,-0.04,16.83,-5.45,24.63,114.55,2020-09-30,4.11,50.0,3.2,5.4,132.86
110073,国投转债,600061,国投资本,105.55,31.4,AAA,0.59,0.87,98.23,19.71,35.52,44.65,36.16,20.82,8.8,34.35,78.39,2.6,2020-09-30,1.24,518.0,80.0,12.4,136.95
128122,兴森转债,002436,兴森科技,102.6,54.3,AA,0.6,2.35,30.08,9.35,4.57,98.11,15.2,81.17,15.38,73.79,43.82,-1.54,2020-09-30,4.44,140.0,2.69,1.3,156.9
113037,紫银转债,601860,紫金银行,102.41,25.1,AA+,0.6,2.38,35.03,-2.23,11.59,1.83,33.07,4.16,8.23,-6.05,93.29,-0.02,2020-09-30,1.01,142.0,45.0,25.9,127.51
123061,航新转债,300424,航新科技,101.866,20.7,A+,0.59,3.98,8.34,-14.05,0.21,-59.91,2.54,-53.39,2.01,-62.71,55.98,-2.72,2020-09-30,2.75,30.0,2.5,7.0,122.57
123060,苏试转债,300416,苏试试验,116.522,20.9,AA-,0.6,0.18,11.85,50.34,1.23,41.37,10.42,-5.96,13.31,21.0,55.99,-4.13,2020-12-31,4.84,47.0,3.1,6.4,137.42
113595,花王转债,603007,花王股份,97.36,19.8,AA-,0.59,4.96,3.95,-50.3,0.06,-92.19,1.52,-84.31,0.53,-92.37,68.31,3.52,2020-09-30,1.7,19.0,3.3,14.2,117.16
113594,淳中转债,603516,淳中科技,111.94,22.6,A+,0.57,1.57,4.83,29.99,1.28,12.32,26.58,-13.62,13.97,-3.32,26.05,126.53,2020-12-31,5.04,48.0,3.0,5.7,134.54
127020,中金转债,000060,中金岭南,108.6,12.7,AA+,0.61,0.88,219.19,26.21,6.26,-1.62,2.85,-22.13,5.62,-7.11,47.62,3.7,2020-09-30,1.44,162.0,38.0,22.6,121.3
113593,沪工转债,603131,上海沪工,104.63,15.3,A+,0.62,2.93,6.18,11.82,0.54,30.52,8.76,16.8,4.36,15.65,42.25,113.18,2020-09-30,4.99,62.0,4.0,5.9,119.93
128120,联诚转债,002921,联诚精密,100.1,17.5,A,0.6,3.29,9.13,22.02,0.72,55.36,7.88,27.3,9.39,39.11,43.75,-0.89,2020-12-31,2.22,17.0,2.6,13.1,117.6
128121,宏川转债,002930,宏川智慧,109.7,27.3,AA-,0.62,0.62,5.98,65.78,1.61,37.14,26.98,-17.29,8.4,27.85,62.89,76.86,2020-09-30,4.03,77.0,6.7,7.5,137.0
123059,银信转债,300231,银信科技,102.46,23.1,AA-,0.61,3.75,23.17,50.24,1.63,20.29,7.02,-19.95,12.3,18.27,53.34,5.27,2020-12-31,2.72,36.0,3.91,8.9,125.56
127019,国城转债,000688,国城矿业,86.998,89.0,AA,0.62,5.52,8.44,4.22,0.87,-54.68,10.29,-56.49,3.62,-58.25,33.59,90.96,2020-09-30,4.99,110.0,8.5,3.5,176.0
123058,欣旺转债,300207,欣旺达,120.232,27.2,AA,0.62,-0.64,296.92,17.64,8.02,6.79,2.7,-9.4,12.73,-4.86,76.7,2.82,2020-12-31,4.69,316.0,11.2,3.3,147.43
128119,龙大转债,002726,龙大肉食,121.001,8.8,AA,0.62,-0.13,181.09,66.53,6.14,299.62,3.39,140.43,23.22,3472.31,60.29,8.29,2020-09-30,3.44,106.0,9.5,9.9,129.8
110071,湖盐转债,600929,雪天盐业,99.72,24.4,AA,0.64,2.82,14.62,-5.49,0.84,-19.7,5.76,-15.04,3.35,-22.63,38.69,46.17,2020-09-30,1.91,49.0,7.2,11.9,124.12
113036,宁建转债,601789,宁波建工,98.5,23.1,AA,0.63,3.43,140.17,11.77,1.71,9.17,1.22,-2.4,5.74,3.05,79.15,-0.43,2020-09-30,1.28,38.0,5.4,11.4,121.6
128118,瀛通转债,002861,瀛通通讯,96.0,53.7,AA-,0.63,4.78,8.93,8.73,0.34,-29.02,3.77,-34.78,3.19,-30.8,37.39,56.41,2020-09-30,1.97,21.0,3.0,8.9,149.7
128117,道恩转债,002838,道恩股份,97.704,34.2,AA-,0.67,4.64,33.07,65.88,7.8,514.52,23.59,270.33,53.94,323.72,36.92,-11.29,2020-09-30,5.0,86.0,3.6,3.0,131.9
123057,美联转债,300586,美联新材,102.334,26.8,AA-,0.65,2.84,11.05,25.19,0.66,-21.2,6.0,-37.04,8.26,-34.81,48.94,-1.25,2020-09-30,4.9,36.0,2.07,4.6,129.13
113591,胜达转债,603687,大胜达,100.91,14.0,AA-,0.67,3.78,9.38,1.93,1.17,32.36,12.44,29.85,7.68,-1.41,41.86,36.77,2020-09-30,2.45,38.0,5.5,12.8,114.91
128116,瑞达转债,002961,瑞达期货,97.592,37.8,AA,0.66,3.28,7.65,8.14,1.32,42.61,17.21,31.88,7.5,15.21,78.84,9.57,2020-09-30,5.34,94.0,6.5,4.9,135.39
127018,本钢转债,000761,本钢板材,83.772,30.1,AAA,0.63,8.78,348.52,-9.58,2.84,-41.84,0.81,-35.71,1.37,-45.85,67.06,-2.37,2020-09-30,0.63,126.0,68.0,34.9,113.87
113589,天创转债,603608,天创时尚,85.59,77.8,AA,0.68,5.97,13.21,-12.56,0.65,-61.92,4.95,-56.46,2.96,-62.34,28.21,55.99,2020-09-30,1.21,26.0,6.0,11.2,163.39
123056,雪榕转债,300511,雪榕生物,104.904,26.5,AA-,0.66,2.83,15.63,18.43,2.17,97.03,13.86,66.39,11.73,70.74,55.93,-0.62,2020-09-30,2.27,44.0,5.85,11.1,131.4
113588,润达转债,603108,润达医疗,102.77,26.9,AA,0.69,2.08,49.25,-5.16,2.36,-19.25,4.79,-14.77,8.09,-25.78,59.96,1.18,2020-09-30,2.09,63.0,5.5,7.1,129.67
128114,正邦转债,002157,正邦科技,114.85,11.6,AA+,0.69,0.08,326.05,85.63,54.33,10711.29,16.66,5644.83,43.63,5959.72,67.51,-3.28,2020-09-30,2.69,496.0,16.0,3.3,126.45
128113,比音转债,002832,比音勒芬,125.699,-0.5,AA,0.69,-1.34,13.77,4.03,3.49,12.01,25.33,7.7,16.76,-3.34,34.63,75.69,2020-09-30,4.59,99.0,6.17,7.9,125.2
128111,中矿转债,002738,中矿资源,145.8,0.8,AA-,0.71,-3.02,8.23,-3.5,1.01,-20.47,12.21,-17.61,3.67,-29.01,41.22,14.29,2020-09-30,2.31,71.0,2.3,4.7,146.6
123054,思特转债,300608,思特奇,96.5,38.9,AA-,0.71,4.67,3.28,-26.83,-0.22,-724.44,-6.83,-953.75,-2.84,-656.86,55.29,21.56,2020-09-30,2.38,18.0,2.71,10.4,135.4
113585,寿仙转债,603896,寿仙谷,124.49,-0.2,AA-,0.71,-1.08,3.94,14.65,0.67,17.53,17.0,2.47,5.5,-0.54,26.38,96.82,2020-09-30,4.17,53.0,1.9,4.5,124.29
123053,宝通转债,300031,宝通科技,104.5,29.7,AA-,0.73,2.98,19.52,10.32,3.16,35.84,16.2,23.1,11.32,15.86,33.7,-26.93,2020-09-30,2.31,66.0,5.0,6.1,134.2
123052,飞鹿转债,300665,飞鹿股份,120.5,3.3,A+,0.72,1.09,3.49,13.76,0.16,38.22,4.46,21.53,3.28,28.63,57.35,12.86,2020-09-30,2.98,14.0,1.77,14.7,123.8
113584,家悦转债,603708,家家悦,99.25,73.2,AA,0.75,2.99,137.63,22.17,3.89,10.63,2.82,-9.62,12.93,2.38,66.51,3.72,2020-09-30,4.41,132.0,6.45,2.8,172.45
128109,楚江转债,002171,楚江新材,109.185,26.1,AA,0.75,1.08,157.5,34.35,1.98,-44.37,1.26,-58.55,3.62,-50.27,47.25,54.33,2020-09-30,1.83,101.0,18.3,15.7,135.29
123051,今天转债,300532,今天国际,108.338,6.2,A+,0.73,2.5,4.57,-11.18,0.44,68.91,9.72,90.22,5.64,67.36,61.71,14.82,2020-09-30,3.08,25.0,2.8,11.6,114.54
127017,万青转债,000789,万年青,117.02,21.8,AA+,0.72,0.23,88.4,20.42,10.23,12.59,11.58,-6.46,19.21,-10.4,40.23,20.18,2020-09-30,1.96,108.0,10.0,8.9,138.82
128108,蓝帆转债,002382,蓝帆医疗,114.8,6.3,AA,0.76,-0.26,46.55,79.14,18.88,403.16,40.56,180.89,20.52,342.24,44.22,22.1,2020-09-30,1.94,201.0,16.6,8.9,121.1
113582,火炬转债,603678,火炬电子,235.26,6.7,AA,0.75,-13.1,24.74,43.28,4.25,46.28,17.19,2.14,12.78,28.06,31.16,22.1,2020-09-30,7.28,257.0,4.18,3.6,241.96
113579,健友转债,603707,健友股份,117.08,25.5,AA,0.84,-0.5,21.58,18.08,6.13,36.69,28.41,15.77,19.24,12.25,44.41,16.28,2020-09-30,10.69,366.0,5.03,1.3,142.58
113580,康隆转债,603665,康隆达,284.78,162.0,AA-,0.84,-15.7,7.81,5.27,0.76,15.75,9.72,9.95,7.04,9.66,53.85,129.1,2020-09-30,2.62,27.0,0.41,1.7,446.78
128107,交科转债,002061,浙江交科,111.906,4.5,AA+,0.84,0.6,231.22,21.2,4.41,-5.52,1.91,-21.72,5.54,-13.44,75.63,2.74,2020-09-30,0.99,79.0,25.0,33.9,116.41
113578,全筑转债,603030,全筑股份,100.51,19.4,AA,0.84,3.33,39.62,-27.23,1.05,-34.28,2.64,-9.9,4.72,-40.33,74.59,-2.96,2020-09-30,1.11,25.0,3.84,13.1,119.91
113573,纵横转债,603602,纵横通信,98.82,63.3,A+,0.84,4.82,3.73,-35.12,-0.22,-209.39,-6.02,-268.63,-3.27,-209.36,51.38,21.48,2020-09-30,3.44,23.0,2.7,7.0,162.12
113577,春秋转债,603890,春秋电子,129.13,0.1,AA-,0.86,-1.77,24.16,79.33,1.96,136.45,8.12,31.82,12.06,107.93,56.2,23.87,2020-09-30,3.26,55.0,1.83,4.3,129.23
123050,聚飞转债,300303,聚飞光电,113.645,16.8,AA-,0.85,1.81,16.9,-8.62,2.31,-9.2,13.67,-0.58,9.92,-20.83,49.88,7.96,2020-09-30,2.78,64.0,7.05,10.6,130.45
123049,维尔转债,300190,维尔利,113.975,2.8,AA-,0.86,1.86,20.12,14.84,2.98,31.08,14.84,14.15,7.38,20.98,53.27,7.97,2020-09-30,1.54,65.0,9.17,15.7,116.78
110070,凌钢转债,600231,凌钢股份,104.84,14.4,AA,0.86,2.39,146.53,-9.06,4.21,-0.26,2.87,9.54,5.32,-4.32,50.62,5.94,2020-09-30,0.87,70.0,2.89,3.8,119.24
128106,华统转债,002840,华统股份,121.1,1.5,AA,0.87,-1.35,61.43,13.88,0.91,1.31,1.48,-10.84,5.98,-8.98,52.41,26.46,2020-09-30,3.0,50.0,5.37,12.8,122.6
123048,应急转债,300527,中船应急,109.86,18.5,AA+,0.87,0.59,8.0,-52.17,-0.04,-103.7,-0.49,-107.79,-0.06,-100.88,38.53,-14.94,2020-09-30,3.19,79.0,3.8,4.4,128.36
113576,起步转债,603557,起步股份,101.64,11.9,AA-,0.88,3.75,8.9,-16.13,0.9,-40.12,10.17,-28.58,5.27,-43.39,40.08,15.3,2020-09-30,2.82,48.0,2.66,5.1,113.54
113034,滨化转债,601678,滨化股份,121.57,-0.5,AA,0.9,-1.1,43.62,-4.91,2.38,-30.97,5.47,-27.36,3.67,-34.35,51.02,26.33,2020-09-30,1.41,97.0,15.8,19.9,121.07
128105,长集转债,002616,长青集团,107.501,10.2,AA,0.86,1.43,21.06,17.71,2.63,35.93,12.49,15.54,10.38,18.63,69.2,10.91,2020-09-30,2.33,59.0,8.0,13.3,117.7
113575,东时转债,603377,东方时尚,144.26,50.0,AA,0.9,-4.73,5.83,-31.79,0.83,-56.42,14.29,-36.12,4.62,-57.3,53.37,5.43,2020-09-30,4.38,85.0,0.99,1.1,194.26
127016,鲁泰转债,000726,鲁 泰Ａ,100.55,31.0,AA+,0.86,2.97,33.7,-29.96,0.96,-83.73,2.84,-76.76,1.24,-84.77,31.42,4.46,2020-09-30,0.77,59.0,14.0,18.3,131.55
110069,瀚蓝转债,600323,瀚蓝环境,129.01,-1.1,AA+,0.88,-2.54,51.47,20.5,7.69,4.4,14.93,-13.4,11.08,-7.44,66.96,5.26,2020-09-30,2.82,202.0,9.69,6.3,127.91
113033,利群转债,601366,利群股份,98.83,8.8,AA,0.92,3.19,64.31,-31.58,0.53,-75.57,0.82,-64.19,1.15,-75.05,65.22,8.1,2020-09-30,1.23,55.0,18.0,29.8,107.63
113574,华体转债,603679,华体科技,100.57,81.0,A+,0.9,3.03,5.22,-0.62,0.54,-33.03,10.3,-32.64,7.67,-40.82,50.22,11.93,2020-09-30,3.69,27.0,2.09,4.3,181.57
128103,同德转债,002360,同德化工,157.92,9.4,A+,0.92,-5.17,6.27,6.18,0.94,-25.69,15.03,-30.03,8.19,-31.41,24.37,10.45,2020-09-30,2.44,30.0,1.09,5.3,167.32
110068,龙净转债,600388,龙净环保,104.0,13.6,AA+,0.94,2.07,69.66,-11.43,5.73,2.72,8.22,15.94,9.73,-7.86,75.25,2.87,2020-09-30,1.82,105.0,20.0,17.4,117.6
123047,久吾转债,300631,久吾高科,110.88,15.9,A+,0.93,3.26,2.92,0.61,0.33,2.28,11.28,1.71,4.72,-6.72,44.39,-3.7,2020-09-30,2.52,18.0,1.99,10.4,126.78
123046,天铁转债,300587,天铁股份,168.5,9.4,AA-,0.93,-7.06,8.08,40.73,1.18,133.88,14.57,66.13,10.48,99.24,44.44,-5.53,2020-09-30,3.83,53.0,0.94,2.7,177.9
128101,联创转债,002036,联创电子,104.801,43.1,AA,0.94,1.88,56.56,32.54,2.1,-6.57,3.71,-29.47,8.29,-20.59,71.49,1.86,2020-09-30,3.61,106.0,3.0,2.1,147.9
123045,雷迪转债,300652,雷迪克,108.959,13.4,A+,0.94,1.81,3.1,-6.0,0.4,-14.72,13.03,-9.32,4.94,-22.33,32.5,-30.9,2020-09-30,2.13,18.0,1.66,8.8,122.36
128100,搜特转债,002503,搜于特,83.862,37.4,AA,0.95,7.05,57.79,-41.68,0.6,-80.2,1.04,-66.12,1.08,-80.78,51.58,9.04,2020-09-30,0.99,55.0,8.0,8.9,121.26
113572,三祥转债,603663,三祥新材,115.8,4.3,A+,0.95,-0.54,4.91,-15.12,0.44,-34.21,8.93,-22.48,8.02,-37.0,43.32,-7.86,2020-09-30,5.09,30.0,1.69,6.2,120.1
123044,红相转债,300427,红相股份,103.997,36.2,AA-,0.94,3.86,10.37,8.39,2.25,13.67,21.72,4.88,9.73,3.18,51.98,7.49,2020-09-30,2.26,52.0,5.5,8.1,140.2
110067,华安转债,600909,华安证券,109.95,45.5,AAA,0.95,0.06,25.47,16.72,10.02,14.72,39.34,-1.72,7.21,7.45,75.08,1.77,2020-09-30,1.71,237.0,28.0,8.9,155.45
113570,百达转债,603331,百达精工,99.84,23.9,A+,0.96,2.92,6.35,-0.05,0.42,-32.38,6.68,-32.32,5.2,-38.97,50.18,32.28,2020-09-30,2.15,17.0,2.8,13.6,123.74
113569,科达转债,603660,苏州科达,92.25,74.8,AA-,0.96,5.61,14.59,-15.38,-1.08,-571.53,-7.41,-657.14,-6.09,-564.89,44.01,43.5,2020-09-30,2.29,39.0,5.16,7.0,167.05
113568,新春转债,603667,五洲新春,99.97,16.6,AA-,0.97,4.6,12.24,-11.94,0.48,-44.3,3.89,-36.75,2.68,-46.61,43.22,8.92,2020-09-30,1.29,22.0,3.3,12.7,116.57
123043,正元转债,300645,正元智慧,130.809,22.7,A+,0.98,-1.61,4.24,15.5,-0.02,-125.74,-0.37,-122.29,-0.25,-124.04,55.08,11.87,2020-09-30,3.39,21.0,1.66,8.5,153.51
113567,君禾转债,603617,君禾股份,104.97,15.6,A+,0.97,2.59,4.86,3.36,0.69,26.6,14.15,22.51,10.74,10.84,42.72,28.62,2020-09-30,3.22,21.0,2.1,9.2,120.57
110066,盛屯转债,600711,盛屯矿业,139.09,1.3,AA,0.98,-3.86,328.61,40.99,2.63,48.88,0.8,5.26,2.894,36.12,57.84,10.11,2020-09-30,1.69,177.0,6.02,4.7,140.39
113566,翔港转债,603499,翔港科技,102.74,37.5,A+,0.98,3.97,3.3,39.41,0.07,-65.45,2.19,-75.2,1.25,-67.53,33.73,71.57,2020-09-30,2.83,16.0,1.61,7.4,140.24
113564,天目转债,603136,天目湖,134.1,-0.4,AA-,1.02,-1.25,2.24,-42.13,0.28,-75.85,12.4,-58.26,2.86,-78.7,30.13,64.93,2020-09-30,3.87,36.0,2.5,9.3,133.7
113565,宏辉转债,603336,宏辉果蔬,106.21,11.4,AA-,1.02,2.17,6.87,12.94,0.55,-13.21,8.04,-23.14,6.2,-18.31,33.05,193.75,2020-09-30,3.38,32.0,2.25,6.7,117.61
128097,奥佳转债,002614,奥佳华,151.7,-0.3,AA,1.01,-5.57,47.46,24.58,3.27,58.69,6.89,27.36,8.99,44.77,46.92,4.72,2020-09-30,2.38,101.0,5.85,8.8,151.4
128095,恩捷转债,002812,恩捷股份,175.0,0.4,AA,1.07,-8.37,42.83,35.56,11.16,31.27,26.05,-3.16,17.15,-15.77,43.63,-27.24,2020-12-31,9.14,"1,007",7.83,1.4,175.4
128096,奥瑞转债,002701,奥瑞金,123.439,0.3,AA+,1.02,-1.38,78.79,22.05,4.83,-29.75,6.13,-42.39,7.89,-34.25,60.17,6.19,2020-09-30,2.26,135.0,7.07,6.4,123.74
113563,柳药转债,603368,柳药股份,108.08,22.7,AA,1.08,0.93,117.54,5.82,6.08,11.13,5.18,5.07,13.18,-2.87,62.91,-3.21,2020-09-30,1.63,78.0,8.02,9.0,130.78
128094,星帅转债,002860,星帅尔,115.18,1.7,A+,1.09,1.05,6.7,30.02,0.89,-21.83,13.26,-39.89,9.3,-37.54,35.02,79.47,2020-09-30,3.37,31.0,2.72,9.8,116.88
123042,银河转债,300619,金银河,132.22,57.4,A+,1.1,-2.84,3.65,-20.12,0.02,-93.67,0.66,-92.04,0.49,-93.88,64.58,12.47,2020-09-30,3.13,15.0,1.67,9.2,189.62
127015,希望转债,000876,新 希 望,118.85,13.6,AAA,1.13,-1.63,747.88,31.4,50.85,65.54,6.8,25.93,17.37,28.76,58.19,23.48,2020-09-30,2.57,931.0,9.5,1.1,132.45
128093,百川转债,002455,百川股份,103.98,9.8,AA-,1.17,4.92,15.38,-18.28,0.33,-49.86,2.15,-38.75,2.34,-52.92,60.38,13.88,2020-09-30,2.22,29.0,5.2,17.1,113.78
113561,正裕转债,603089,正裕工业,107.44,4.1,A+,1.12,2.03,7.68,-6.68,0.36,-52.34,4.73,-48.92,4.37,-53.9,39.11,3.4,2020-09-30,2.53,23.0,1.5,6.6,111.54
128091,新天转债,002873,新天药业,113.799,16.7,A+,1.18,1.04,5.42,-8.04,0.61,-12.26,11.27,-4.57,8.06,-20.9,44.45,21.51,2020-09-30,2.48,19.0,1.76,9.2,130.5
128090,汽模转2,002510,天汽模,108.99,9.5,AA,1.16,1.14,8.28,-39.68,-1.27,-240.27,-15.32,-332.47,-4.88,-242.27,57.38,3.6,2020-09-30,1.45,40.0,3.1,7.7,118.49
123039,开润转债,300577,开润股份,110.648,25.5,A+,1.16,1.94,19.44,-27.87,0.78,-65.51,4.01,-52.21,8.04,-73.87,46.06,-15.18,2020-12-31,4.19,64.0,2.22,3.1,136.15
123038,联得转债,300545,联得装备,114.01,23.9,A+,1.17,0.85,5.73,16.49,0.49,-12.54,8.63,-24.89,6.61,-28.07,49.98,3.77,2020-09-30,4.44,34.0,1.47,4.0,137.91
113030,东风转债,601515,东风股份,103.86,18.4,AA,1.17,2.57,21.46,-9.0,3.6,-27.28,16.76,-20.08,8.66,-28.19,28.09,-6.05,2020-09-30,1.9,79.0,2.95,3.3,122.26
110065,淮矿转债,600985,淮北矿业,122.69,1.3,AAA,1.19,-2.16,495.1,6.88,27.74,-3.8,5.6,-9.97,13.54,-12.7,63.27,-1.0,2020-09-30,1.19,246.0,23.2,11.4,123.99
113559,永创转债,603901,永创智能,120.64,7.6,AA-,1.2,-0.42,13.65,0.33,1.36,48.15,9.95,47.63,9.12,29.55,56.46,0.42,2020-09-30,3.67,51.0,5.1,11.2,128.24
110064,建工转债,600939,重庆建工,97.5,24.1,AA+,1.18,4.54,401.16,7.38,1.62,-58.33,0.4,-61.54,1.87,-65.81,85.79,-0.84,2020-09-30,0.95,65.0,16.6,20.0,121.6
113557,森特转债,603098,森特股份,165.01,-1.6,AA-,1.2,-6.56,21.99,-10.1,1.4,-27.81,6.35,-19.72,6.61,-33.9,56.35,24.53,2020-09-30,3.93,81.0,2.71,5.6,163.41
128087,孚日转债,002083,孚日股份,92.174,40.3,AA,1.18,4.47,32.73,-13.15,2.22,-40.8,6.77,-31.82,5.83,-45.05,59.58,17.71,2020-09-30,1.0,38.0,6.5,11.4,132.47
128085,鸿达转债,002002,鸿达兴业,97.8,2.5,BB,1.21,5.33,39.28,-3.16,5.84,19.88,14.86,23.83,7.75,2.79,53.11,3.25,2020-09-30,1.36,103.0,13.3,12.4,100.3
110063,鹰19转债,600567,山鹰国际,115.54,6.8,AA+,1.22,0.07,170.37,-0.57,9.83,-25.78,5.77,-25.36,6.69,-30.82,65.71,3.61,2020-09-30,1.12,164.0,18.5,12.2,122.34
128083,新北转债,002376,新北洋,102.089,26.9,AA,1.23,2.59,15.89,1.98,1.22,-44.4,7.68,-45.45,3.36,-50.0,31.48,20.94,2020-09-30,1.86,63.0,8.77,11.3,128.99
128082,华锋转债,002806,华锋股份,103.82,11.4,A+,1.21,3.47,3.19,-27.61,-0.39,-1246.99,-12.1,-1692.11,-2.88,-1166.67,29.24,16.25,2020-09-30,1.2,15.0,3.45,21.4,115.22
110062,烽火转债,600498,烽火通信,109.08,51.1,AAA,1.24,0.34,158.25,-10.97,2.77,-55.22,1.75,-49.71,2.42,-57.32,66.34,0.94,2020-09-30,2.04,217.0,30.9,10.3,160.18
128081,海亮转债,002203,海亮股份,101.999,11.7,AA,1.27,2.64,345.16,7.61,5.42,-33.93,1.57,-38.67,5.68,-43.37,62.74,-0.53,2020-09-30,1.93,174.0,31.5,16.5,113.7
113550,常汽转债,603035,常熟汽饰,120.05,3.5,AA-,1.28,0.23,14.48,14.05,2.22,7.49,15.33,-5.72,7.08,-10.38,49.28,-11.69,2020-09-30,1.12,38.0,3.78,11.4,123.55
113549,白电转债,603861,白云电器,100.31,17.8,AA,1.28,3.0,19.5,13.55,-0.69,-231.22,-3.54,-215.31,-0.0274,-101.22,61.13,7.14,2020-09-30,1.43,33.0,8.8,22.4,118.11
123035,利德转债,300296,利亚德,117.0,16.7,AA+,1.29,-0.36,44.87,-28.94,3.16,-60.63,7.03,-44.6,3.66,-61.43,40.88,-9.27,2020-09-30,2.08,178.0,8.0,4.5,133.7
110061,川投转债,600674,川投能源,127.8,2.7,AAA,1.31,-3.09,6.5,12.56,27.09,2.98,416.45,-8.52,9.59,-6.26,29.27,35.04,2020-09-30,1.9,525.0,39.8,9.4,130.5
123034,通光转债,300265,通光线缆,188.1,54.9,A+,1.32,-9.76,10.5,1.98,0.49,44.1,4.69,41.27,4.53,34.02,43.91,-12.19,2020-09-30,2.81,35.0,0.78,2.7,243.0
123033,金力转债,300748,金力永磁,117.056,29.0,AA-,1.33,0.83,24.19,42.58,2.44,55.84,10.11,9.3,17.13,27.74,55.7,5.23,2020-12-31,10.52,159.0,4.34,2.5,146.06
113548,石英转债,603688,石英股份,130.46,12.6,AA-,1.33,-1.05,4.7,1.48,1.49,31.06,31.67,29.16,8.59,8.05,10.12,52.93,2020-09-30,3.28,62.0,1.23,2.3,143.06
110060,天路转债,600326,西藏天路,110.21,10.5,AA,1.32,0.93,44.65,13.65,3.09,-27.71,6.91,-36.43,7.96,-39.83,49.29,7.31,2020-09-30,1.76,66.0,7.06,10.7,120.71
110059,浦发转债,600000,浦发银行,102.32,37.2,AAA,1.35,3.17,1487.31,1.6,447.42,-7.46,30.08,-8.93,8.39,-18.7,92.44,0.54,2020-09-30,0.62,"3,164",500.0,11.8,139.52
127014,北方转债,000065,北方国际,101.2,24.5,AA+,1.34,2.91,70.63,6.57,5.14,3.74,7.28,-2.67,9.82,-12.94,67.48,12.78,2020-09-30,1.03,55.0,5.78,8.6,125.7
113546,迪贝转债,603320,迪贝电气,99.55,33.9,A+,1.34,4.37,5.14,0.58,0.32,-6.46,6.17,-6.94,4.53,-15.8,35.09,109.32,2020-09-30,2.05,14.0,2.3,12.5,133.45
128079,英联转债,002846,英联股份,139.575,8.8,A+,1.34,-3.76,13.32,13.82,0.78,-2.68,5.83,-14.39,10.18,-20.65,52.03,8.25,2020-12-31,4.41,34.0,1.52,5.7,148.38
128078,太极转债,002368,太极股份,114.505,22.4,AA,1.37,0.46,47.24,3.06,0.78,2.5,1.65,-0.6,2.32,-13.11,65.65,0.21,2020-09-30,3.95,121.0,9.6,7.4,136.91
128076,金轮转债,002722,金轮股份,98.849,43.6,AA-,1.37,3.42,16.28,-6.86,0.2,-77.29,1.25,-75.54,1.07,-77.75,38.02,6.59,2020-09-30,0.97,18.0,2.14,8.3,142.45
113545,金能转债,603113,金能科技,190.45,6.8,AA,1.38,-10.7,53.92,-13.14,6.41,8.07,11.88,24.4,10.31,-10.19,36.35,63.97,2020-09-30,2.13,163.0,10.2,11.2,197.25
128074,游族转债,002174,游族网络,97.589,42.3,AA,1.42,4.78,37.24,40.95,5.6,-20.56,15.04,-43.65,10.47,-25.95,37.16,-11.6,2020-09-30,1.88,107.0,6.83,4.4,139.89
128075,远东转债,002406,远东传动,117.402,1.6,AA,1.39,-0.49,15.82,19.92,2.5,30.06,15.83,8.42,8.35,9.29,26.8,-4.99,2020-09-30,1.28,40.0,5.44,15.7,119.0
123031,晶瑞转债,300655,晶瑞股份,248.28,29.6,A+,1.49,-16.0,7.14,25.32,0.62,196.42,8.64,136.71,10.27,154.21,35.01,-35.04,2020-09-30,5.19,67.0,0.63,1.8,277.88
128073,哈尔转债,002615,哈尔斯,102.23,42.5,AA-,1.53,3.64,10.06,-24.78,-0.14,-115.32,-1.38,-120.32,-1.63,-115.35,59.72,4.16,2020-09-30,2.11,17.0,2.99,12.7,144.73
123030,九洲转债,300040,九洲集团,155.499,12.8,AA-,1.53,-5.81,8.27,102.21,0.56,32.76,6.8,-34.3,2.74,24.55,63.83,21.57,2020-09-30,1.35,30.0,0.97,4.5,168.3
128072,翔鹭转债,002842,翔鹭钨业,98.1,52.5,AA-,1.52,3.77,9.77,-4.09,0.29,363.81,2.99,382.26,3.01,306.76,58.95,-2.96,2020-09-30,2.97,27.0,3.02,7.2,150.6
123029,英科转债,300677,英科医疗,1900.0,29.6,AA-,1.53,-41.0,138.37,564.29,70.07,3829.56,50.64,491.59,132.22,910.86,27.0,-45.8,2020-12-31,6.26,584.0,1.23,3.1,1929.6
128071,合兴转债,002228,合兴包装,107.7,15.2,AA,1.52,1.49,80.71,-2.18,2.18,11.99,2.7,14.41,6.78,-2.16,51.16,-3.36,2020-09-30,1.48,50.0,3.0,5.7,122.9
113543,欧派转债,603833,欧派家居,221.7,0.0,AA,1.55,-14.1,97.32,2.06,14.5,5.23,14.9,3.11,14.37,-14.0,39.87,0.85,2020-09-30,8.76,956.0,5.37,1.2,221.7
113542,好客转债,603898,好莱客,118.61,8.4,AA,1.58,-0.74,14.06,-9.66,1.8,-31.14,12.79,-23.78,7.31,-33.73,29.92,4.63,2020-09-30,2.26,55.0,6.03,11.9,127.01
113541,荣晟转债,603165,荣晟环保,116.55,0.1,AA-,1.61,-0.32,12.46,-5.73,1.72,-7.38,13.78,-1.78,11.41,-19.99,22.21,0.15,2020-09-30,2.22,34.0,2.69,9.2,116.65
128070,智能转债,002877,智能自控,105.88,42.6,A+,1.67,2.55,3.97,8.52,0.38,-34.0,9.49,-39.17,4.99,-46.4,45.17,8.53,2020-09-30,3.29,23.0,2.3,7.3,148.48
128069,华森转债,002907,华森制药,100.2,58.1,AA-,1.7,4.43,6.25,-0.26,0.95,-31.2,15.17,-31.01,8.53,-43.17,32.61,-4.2,2020-09-30,4.27,46.0,3.0,4.1,158.3
123028,清水转债,300437,清水源,96.45,37.1,AA-,1.69,5.83,8.89,-21.34,0.72,-30.27,8.13,-11.34,4.41,-37.97,59.73,0.55,2020-09-30,1.18,18.0,4.56,17.4,133.55
113027,华钰转债,601020,华钰矿业,101.92,21.8,AA-,1.7,2.94,18.1,176.08,0.6,-19.35,3.33,-70.84,2.72,-26.29,34.87,-7.44,2020-09-30,1.94,47.0,3.25,5.8,123.72
123027,蓝晓转债,300487,蓝晓科技,154.8,12.5,A+,1.72,-6.09,6.82,-19.75,1.64,-28.76,24.05,-11.25,11.57,-44.46,34.0,-18.08,2020-09-30,5.45,87.0,1.08,1.7,167.3
113537,文灿转债,603348,文灿股份,122.07,9.1,AA-,1.72,-0.11,14.56,34.28,0.74,56.8,5.09,16.74,3.09,33.19,51.07,25.45,2020-09-30,2.23,56.0,1.77,3.5,131.17
113536,三星转债,603578,三星新材,114.76,10.2,AA,1.75,0.01,3.19,28.49,0.7,49.02,21.97,16.0,10.55,25.0,30.22,5.22,2020-09-30,2.68,19.0,1.49,8.3,124.96
113535,大业转债,603278,大业股份,96.55,46.4,AA,1.81,5.27,20.8,3.92,0.78,-43.32,3.73,-45.47,4.49,-49.55,63.96,11.75,2020-09-30,1.45,24.0,5.0,13.9,142.95
128066,亚泰转债,002811,郑中设计,98.283,16.8,AA-,1.86,4.61,13.22,-20.5,0.36,-62.55,2.74,-52.92,2.21,-67.16,48.14,-5.44,2020-09-30,1.49,22.0,4.8,18.4,115.08
110058,永鼎转债,600105,永鼎股份,98.58,54.3,AA,1.88,3.93,22.4,-14.38,-1.53,-993.51,-6.82,-1149.23,-5.17,-1007.02,51.34,2.12,2020-09-30,1.58,44.0,2.61,3.8,152.88
127013,创维转债,000810,创维数字,98.3,44.1,AA,1.85,4.68,59.37,-5.57,2.81,-42.9,4.73,-39.59,7.18,-51.52,56.71,-12.96,2020-09-30,2.13,83.0,9.78,8.1,142.4
113026,核能转债,601985,中国核电,107.4,14.0,AAA,1.88,0.56,369.42,9.02,49.08,33.23,13.29,22.26,9.36,22.19,72.28,-2.77,2020-09-30,1.65,964.0,78.0,7.6,121.4
113025,明泰转债,601677,明泰铝业,183.61,0.4,AA,1.88,-11.1,115.24,10.09,7.18,2.59,6.23,-6.88,9.71,-10.51,36.34,4.24,2020-09-30,1.67,136.0,12.2,16.5,184.01
113534,鼎胜转债,603876,鼎胜新材,97.68,23.6,AA,1.9,4.19,89.99,7.76,-0.12,-106.23,-0.13,-105.65,-0.31,-105.63,74.07,9.48,2020-09-30,1.45,52.0,12.0,18.2,121.28
113024,核建转债,601611,中国核建,105.3,28.5,AAA,1.91,1.04,532.57,18.58,9.5,6.62,1.78,-10.1,8.37,-11.62,85.28,0.37,2020-09-30,1.97,212.0,30.0,11.6,133.8
128064,司尔转债,002538,司尔特,110.27,12.9,AA,1.88,1.05,33.08,40.48,2.01,0.31,6.08,-28.55,5.14,-8.05,31.62,-0.03,2020-09-30,1.11,43.0,8.0,18.4,123.17
128063,未来转债,002631,德尔未来,102.498,47.2,AA-,1.92,5.91,10.64,-19.31,0.34,-62.23,3.19,-53.29,1.83,-64.47,43.24,4.46,2020-09-30,2.28,40.0,6.3,11.0,149.7
113532,海环转债,603817,海峡环保,101.89,15.9,AA,1.92,2.64,5.24,12.81,0.98,5.02,18.77,-6.89,5.63,-4.25,53.02,1.31,2020-09-30,1.78,30.0,4.6,13.3,117.79
128062,亚药转债,002370,亚太药业,72.62,211.0,BBB,1.92,13.6,3.61,-50.26,-1.07,-1647.88,-29.65,-3221.05,-18.44,-7192.31,70.74,82.51,2020-09-30,6.33,20.0,9.63,11.0,283.62
110057,现代转债,600420,现代制药,105.92,13.6,AAA,1.9,1.15,93.64,3.76,6.31,9.78,6.74,5.81,8.02,-1.6,47.43,-3.55,2020-09-30,1.21,95.0,16.2,15.9,119.52
123025,精测转债,300567,精测电子,127.599,14.1,AA-,1.93,-2.12,12.37,-14.01,1.52,-31.14,12.26,-19.92,9.92,-44.52,63.8,3.5,2020-09-30,8.87,138.0,3.09,2.5,141.7
113530,大丰转债,603081,大丰实业,99.5,44.5,AA,1.93,5.26,15.29,8.75,2.1,14.22,13.73,5.05,10.0,0.6,53.81,8.3,2020-09-30,2.24,46.0,6.3,9.4,144.0
127012,招路转债,001965,招商公路,106.853,24.5,AAA,1.9,0.25,43.94,-22.61,12.46,-62.56,28.36,-51.63,2.47,-65.16,40.48,3.98,2020-09-30,0.96,467.0,50.0,9.2,131.35
123024,岱勒转债,300700,岱勒新材,102.591,16.0,A+,1.93,3.16,1.86,-3.94,0.05,129.26,2.44,-130.46,0.85,130.58,51.96,7.57,2020-09-30,2.71,13.0,2.1,13.9,118.59
123023,迪森转债,300335,迪森股份,97.494,28.1,AA,1.94,4.14,9.19,-5.86,0.4,-55.9,4.37,-53.11,2.64,-56.58,49.28,4.39,2020-09-30,1.44,20.0,5.29,20.1,125.59
110056,亨通转债,600487,亨通光电,102.48,25.3,AA+,1.94,2.82,253.64,3.11,8.74,-26.4,3.45,-28.57,5.97,-34.11,56.59,-12.65,2020-09-30,1.59,290.0,17.1,4.8,127.78
123022,长信转债,300088,长信科技,132.23,6.0,AA,1.95,-3.65,49.9,7.45,7.97,11.89,15.96,4.11,12.01,-13.85,27.69,-27.8,2020-09-30,2.72,188.0,2.57,1.7,138.23
110055,伊力转债,600197,伊力特,127.63,12.8,AA,1.97,-2.78,11.58,-23.34,2.02,-33.05,17.48,-12.69,7.11,-38.12,30.1,-6.83,2020-09-30,3.09,89.0,2.85,3.6,140.43
110053,苏银转债,600919,江苏银行,112.34,17.2,AAA,1.97,1.35,375.25,12.96,119.56,0.64,31.86,-10.91,9.5325,-14.35,92.72,-0.82,2020-09-30,0.63,947.0,200.0,20.2,129.54
127011,中鼎转2,000887,中鼎股份,115.5,22.8,AA+,1.97,-0.22,78.01,-4.66,3.02,-49.73,3.87,-47.28,3.39,-51.57,51.33,4.77,2020-09-30,1.52,133.0,12.0,8.5,138.3
128057,博彦转债,002649,博彦科技,118.579,1.5,AA-,1.98,-0.5,43.1,16.88,3.31,34.26,7.68,14.97,11.45,19.52,31.23,-6.51,2020-12-31,1.83,54.0,5.1,11.0,120.08
110052,贵广转债,600996,贵广网络,99.01,54.8,AA+,1.99,4.56,24.35,11.46,0.63,-62.93,2.6,-66.75,1.33,-65.63,69.64,5.28,2020-09-30,1.18,53.0,15.3,18.3,153.81
113021,中信转债,601998,中信银行,105.14,37.7,AAA,2.01,3.05,1491.74,4.77,369.18,-9.41,24.75,-13.52,7.8975,-16.1,92.5,0.02,2020-09-30,0.57,"2,608",400.0,11.7,142.84
113528,长城转债,603897,长城科技,97.87,33.4,AA-,2.01,4.69,41.41,15.23,1.26,7.48,3.03,-6.77,6.45,-0.62,52.75,70.5,2020-09-30,1.68,31.0,6.34,15.2,131.27
128056,今飞转债,002863,今飞凯达,104.2,29.8,A+,2.01,3.77,21.34,2.68,0.56,18.75,2.6,15.56,5.23,16.22,76.18,0.76,2020-09-30,1.82,27.0,1.72,5.1,134.0
110051,中天转债,600522,中天科技,120.85,3.3,AA+,2.01,-1.65,440.66,13.55,22.75,16.04,5.16,2.18,10.14,4.54,48.55,4.33,2020-12-31,1.58,362.0,39.6,12.8,124.15
128053,尚荣转债,002551,尚荣医疗,118.092,8.1,AA,2.05,-0.85,15.46,33.41,1.28,122.43,8.28,66.6,4.57,86.53,30.9,-23.53,2020-09-30,1.48,44.0,1.91,4.8,126.19
113527,维格转债,603518,锦泓集团,83.97,54.0,AA,2.09,9.81,17.91,-5.09,-9.18,-3143.46,-51.23,-3301.87,-42.89,-3734.75,67.31,15.35,2020-09-30,0.86,14.0,7.46,30.0,137.97
113526,联泰转债,603797,联泰环保,319.79,142.0,AA+,2.09,-24.5,4.39,23.24,1.75,36.95,39.79,11.15,11.44,8.44,74.65,5.7,2020-09-30,2.36,36.0,1.93,7.0,461.79
128052,凯龙转债,002783,凯龙股份,148.295,-1.7,AA,2.17,-6.82,12.32,-9.87,0.62,-32.4,5.04,-25.0,3.6,-40.4,57.3,20.99,2020-09-30,2.2,38.0,0.31,1.2,146.6
123018,溢利转债,300381,溢多利,219.7,98.3,AA-,2.16,-16.2,14.31,2.05,1.23,47.73,8.6,44.78,3.8,0.53,32.06,-24.29,2020-09-30,1.56,45.0,0.54,1.3,318.0
113525,台华转债,603055,台华新材,101.82,30.3,AA,2.2,3.2,16.7,-15.46,0.92,-52.1,5.54,-43.3,3.44,-53.64,47.06,17.36,2020-09-30,1.79,51.0,4.69,7.2,132.12
113524,奇精转债,603677,奇精机械,101.93,26.8,AA,2.21,3.91,15.59,-6.42,0.56,-26.35,3.6,-21.4,5.32,-26.52,42.6,7.87,2020-12-31,2.26,22.0,3.3,12.2,128.73
128051,光华转债,002741,光华科技,112.039,3.2,AA-,2.2,0.67,14.08,12.55,0.21,-37.48,1.52,-44.32,1.69,-36.94,50.54,3.07,2020-09-30,4.27,52.0,2.48,5.2,115.24
128050,钧达转债,002865,钧达股份,132.499,1.3,AA-,2.24,-2.08,8.58,3.84,0.14,-21.37,1.58,-24.04,1.46,-21.51,43.59,-12.89,2020-12-31,2.47,25.0,1.55,8.1,133.8
110048,福能转债,600483,福能股份,123.36,-1.7,AA+,2.24,-2.31,61.76,-16.63,8.11,-17.39,13.14,-0.9,6.05,-25.49,48.15,-0.68,2020-09-30,1.27,179.0,27.6,19.3,121.66
128049,华源转债,002787,华源控股,100.783,23.2,AA-,2.26,3.6,12.52,2.92,0.58,33.67,4.62,29.78,3.72,28.28,37.5,1.46,2020-09-30,1.28,19.0,3.63,15.5,123.98
110047,山鹰转债,600567,山鹰国际,115.07,7.7,AA+,2.28,0.58,170.37,-0.57,9.83,-25.78,5.77,-25.36,6.69,-30.82,65.71,3.61,2020-09-30,1.12,164.0,22.5,14.6,122.77
128048,张行转债,002839,张家港行,114.4,15.6,AA+,2.32,-0.27,31.01,10.46,7.68,4.82,24.77,-5.1,7.11,-1.8,91.9,0.66,2020-09-30,0.98,103.0,25.0,24.0,130.0
113519,长久转债,603569,长久物流,97.67,51.0,AA,2.31,5.78,28.2,-18.16,0.86,29.49,3.04,58.33,3.19,26.09,53.24,1.69,2020-09-30,1.9,40.0,6.97,11.2,148.67
128046,利尔转债,002258,利尔化学,136.757,2.4,AA,2.37,-5.47,49.69,19.33,6.12,96.76,12.32,64.93,16.7,73.24,44.36,-5.28,2020-12-31,3.46,130.0,8.47,8.7,139.16
128044,岭南转债,002717,岭南股份,89.95,67.7,AA,2.55,6.63,45.24,-14.17,0.76,-74.95,1.69,-70.76,1.55,-76.55,72.35,-0.55,2020-09-30,0.98,48.0,6.59,7.3,157.65
123015,蓝盾转债,300297,蓝盾股份,238.0,216.0,AA-,2.53,-20.2,8.44,-35.27,0.21,-88.24,2.45,-81.81,0.53,-85.56,52.86,9.57,2020-09-30,1.41,54.0,1.0,1.4,454.0
113516,苏农转债,603323,苏农银行,106.34,20.8,AA+,2.59,2.22,28.02,7.4,8.83,6.72,31.53,-0.63,7.35,-11.02,90.94,0.04,2020-09-30,0.74,88.0,12.9,13.0,127.14
123014,凯发转债,300407,凯发电气,128.8,37.8,A+,2.59,-7.14,11.92,0.48,0.16,-31.53,1.38,-31.68,1.21,-38.27,49.19,6.7,2020-09-30,1.72,23.0,1.16,4.7,166.6
128042,凯中转债,002823,凯中精密,100.94,22.9,AA,2.55,4.41,12.61,-14.53,0.93,98.53,7.4,132.7,6.59,83.06,54.96,-2.51,2020-09-30,2.26,31.0,4.16,11.2,123.84
123013,横河转债,300539,横河模具,415.0,437.0,A+,2.59,-32.3,4.01,1.99,0.08,20.78,2.04,18.6,1.63,10.88,49.65,-1.95,2020-09-30,3.23,16.0,0.38,1.9,852.0
123012,万顺转债,300057,万顺新材,119.0,29.8,AA-,2.57,-2.3,36.23,14.63,0.5,-40.63,1.38,-48.31,1.48,-46.18,52.91,5.47,2020-09-30,0.96,33.0,1.29,3.6,148.8
123011,德尔转债,300473,德尔股份,97.9,93.0,AA-,2.61,5.44,23.62,-17.54,-0.59,-203.96,-2.51,-226.13,-2.55,-191.4,54.06,-5.33,2020-09-30,0.89,20.0,2.51,6.4,190.9
128041,盛路转债,002446,盛路通信,316.0,272.0,AA,2.61,-26.7,8.27,-18.5,1.78,36.67,21.54,67.63,6.13,46.65,22.73,-27.37,2020-09-30,1.75,53.0,0.53,0.9,588.0
110045,海澜转债,600398,海澜之家,99.6,64.6,AA+,2.65,3.42,117.78,-19.82,12.9,-50.69,10.95,-38.52,9.57,-51.79,49.09,-3.4,2020-09-30,2.42,307.0,29.5,5.8,164.2
123010,博世转债,300422,博世科,100.5,24.4,AA-,2.61,3.52,23.46,-3.38,1.81,-25.83,7.71,-23.21,9.01,-39.33,74.96,-2.97,2020-09-30,1.69,40.0,4.3,8.7,124.9
127007,湖广转债,000665,湖北广电,98.8,42.8,AA+,2.64,4.09,16.14,-13.44,-0.74,-149.46,-4.6,-157.21,-1.09,3.54,43.08,15.77,2020-09-30,0.58,38.0,12.2,22.2,141.6
110044,广电转债,600831,广电网络,269.35,219.0,AA,2.67,-23.9,19.68,0.46,0.45,-48.8,2.27,-48.99,1.21,-50.21,56.13,9.63,2020-09-30,1.12,41.0,0.71,1.4,488.35
128040,华通转债,002758,浙农股份,107.63,6.5,AA-,2.7,1.35,11.07,-12.61,0.23,-13.52,2.11,-0.94,3.48,-14.5,53.18,-6.49,2020-09-30,3.45,51.0,2.22,4.4,114.13
128039,三力转债,002224,三 力 士,105.254,11.8,AA-,2.73,1.35,6.11,-12.88,1.25,24.42,20.48,42.82,5.36,11.67,15.68,-2.31,2020-09-30,1.71,40.0,2.03,4.8,117.05
113509,新泉转债,603179,新泉股份,210.19,4.8,AA,2.75,-18.6,25.62,19.47,1.69,29.07,6.58,8.05,8.89,8.15,57.64,-8.44,2020-09-30,4.68,115.0,0.92,1.6,214.99
113508,新凤转债,603225,新凤鸣,119.1,15.2,AA,2.85,-1.92,230.58,-6.16,2.6,-76.51,1.13,-74.89,2.22,-82.55,57.1,2.39,2020-09-30,2.02,228.0,20.7,9.4,134.3
128036,金农转债,002548,金新农,130.449,24.7,AA-,2.98,-5.88,23.8,29.63,3.25,830.25,13.67,619.47,16.26,597.85,55.04,5.51,2020-09-30,1.92,50.0,1.46,3.0,155.15
128037,岩土转债,002542,中化岩土,95.396,168.0,AA,2.91,5.4,33.73,29.74,1.71,1.83,5.07,-21.52,4.09,-3.76,58.06,9.98,2020-09-30,1.26,51.0,5.99,4.2,263.4
127006,敖东转债,000623,吉林敖东,100.788,30.3,AA+,2.87,2.18,16.16,-31.48,15.04,29.66,93.04,89.22,6.79,26.21,13.65,3.98,2020-09-30,0.81,184.0,24.1,10.1,131.09
127005,长证转债,000783,长江证券,114.974,16.9,AAA,2.95,-2.02,59.01,13.09,19.32,32.06,32.73,16.77,7.0,25.22,78.32,5.64,2020-09-30,1.41,396.0,50.0,12.4,131.87
113505,杭电转债,603618,杭电股份,102.38,11.1,AA,2.99,2.91,43.54,29.24,1.15,17.68,2.63,-9.0,4.28,-0.23,63.05,5.97,2020-09-30,1.79,45.0,7.5,15.2,113.48
113504,艾华转债,603989,艾华集团,132.1,1.9,AA,3.0,-6.32,17.49,7.85,2.67,23.22,15.3,14.26,11.91,16.08,33.45,-2.1,2020-09-30,4.5,109.0,5.59,6.7,134.0
128035,大族转债,002008,大族激光,111.3,44.4,AA+,3.05,-1.24,88.59,27.58,10.2,69.99,11.52,33.33,10.95,55.76,50.51,1.82,2020-09-30,4.67,428.0,23.0,4.1,155.7
110043,无锡转债,600908,无锡银行,124.01,10.5,AA+,3.03,-4.68,28.71,11.94,10.02,4.38,34.89,-6.76,8.39,-1.53,93.17,0.19,2020-09-30,1.05,120.0,29.2,27.3,134.51
128034,江银转债,002807,江阴银行,106.689,12.2,AA+,3.1,0.53,25.0,-3.28,6.48,1.83,25.94,5.28,5.43,-7.02,91.23,0.71,2020-09-30,0.82,93.0,17.6,18.0,118.89
123007,道氏转债,300409,道氏技术,104.18,16.0,AA-,3.16,2.12,21.63,-11.39,0.6,576.8,2.79,-636.54,2.41,563.46,46.41,-1.23,2020-09-30,2.48,73.0,3.04,3.8,120.18
128033,迪龙转债,002658,雪迪龙,106.52,15.7,AA,3.15,0.78,6.75,-28.51,0.61,-37.05,9.08,-12.02,2.86,-38.36,31.71,12.82,2020-09-30,2.43,49.0,5.2,9.7,122.22
113017,吉视转债,601929,吉视传媒,95.11,54.2,AA+,3.19,5.06,12.84,-7.63,0.4,-63.12,3.13,-60.13,0.58,-62.09,49.77,0.63,2020-09-30,0.86,57.0,15.6,17.0,149.31
110041,蒙电转债,600863,内蒙华电,105.78,12.9,AAA,3.2,1.22,112.75,7.67,9.92,-1.88,8.79,-8.91,7.75,-5.02,59.64,-2.99,2020-09-30,1.24,146.0,18.7,12.0,118.68
128032,双环转债,002472,双环传动,105.583,28.3,AA,3.16,1.28,24.6,8.78,0.15,-85.31,0.6,-86.46,0.41,-85.2,57.74,5.72,2020-09-30,1.67,56.0,10.0,14.7,133.88
128030,天康转债,002100,天康生物,275.9,93.4,AA,3.15,-28.4,86.21,66.43,14.78,389.75,17.14,194.5,27.89,219.11,45.32,-12.02,2020-09-30,2.01,120.0,0.96,1.1,369.3
128029,太阳转债,002078,太阳纸业,202.3,10.0,AA+,3.18,-30.6,156.39,-4.65,13.82,-6.93,8.84,-2.43,9.11,-18.73,54.94,0.37,2020-09-30,2.66,413.0,9.09,4.1,212.3
123004,铁汉转债,300197,铁汉生态,102.15,12.5,AA,3.16,2.36,22.61,-50.06,-2.51,-1309.42,-11.09,-2510.87,-4.76,-1587.5,77.07,1.67,2020-09-30,1.58,98.0,8.03,7.4,114.65
128026,众兴转债,002772,众兴菌业,97.68,22.6,AA-,3.22,4.28,10.34,34.67,1.21,205.92,11.67,127.04,4.6,208.72,51.36,9.12,2020-09-30,1.37,34.0,9.19,21.8,120.28
128025,特一转债,002728,特一药业,98.736,29.9,AA-,3.24,3.7,4.33,-36.91,0.29,-78.57,6.64,-66.04,2.58,-77.35,50.03,-3.63,2020-09-30,2.25,23.0,2.99,10.0,128.64
128023,亚太转债,002284,亚太股份,96.375,93.1,AA,3.24,5.57,19.68,-12.59,-0.36,52.19,-1.82,-45.18,-1.36,50.0,53.68,2.07,2020-09-30,1.57,38.0,9.99,13.1,189.48
128022,众信转债,002707,众信旅游,105.499,16.7,AA-,3.24,1.17,13.81,-85.6,-3.13,-372.61,-22.64,-1986.67,-13.89,-394.28,53.18,-10.91,2020-09-30,3.05,65.0,4.56,6.4,122.2
128021,兄弟转债,002562,兄弟科技,109.788,12.6,AA,3.24,-0.34,14.21,58.16,1.02,429.97,7.17,235.05,4.55,441.67,47.16,23.8,2020-09-30,1.97,54.0,2.65,4.8,122.39
123002,国祯转债,300388,节能国祯,114.179,8.5,AA,3.24,-1.81,25.36,-1.73,2.72,7.21,10.71,9.06,7.56,-23.79,71.17,-1.26,2020-09-30,1.65,62.0,2.52,4.3,122.68
110038,济川转债,600566,济川药业,104.49,22.8,AA,3.32,1.76,43.14,-19.9,9.6,-26.5,22.24,-8.25,15.92,-30.93,25.72,-18.13,2020-09-30,2.45,180.0,6.28,3.0,127.29
113502,嘉澳转债,603822,嘉澳环保,104.1,129.0,AA-,3.32,2.61,9.94,17.51,0.32,-29.89,3.19,-40.26,4.04,-31.64,58.03,19.01,2020-09-30,1.99,15.0,1.85,5.6,233.1
128018,时达转债,002527,新时达,102.665,27.0,AA,3.3,2.46,28.2,9.57,0.77,36.64,2.71,24.31,2.84,35.89,47.81,0.94,2020-09-30,1.46,37.0,4.04,8.8,129.67
113016,小康转债,601127,小康股份,156.5,0.3,AA,3.34,-13.0,92.25,-20.16,-7.25,-72.13,-7.86,115.34,-12.7,-53.01,74.01,3.36,2020-09-30,5.34,313.0,4.17,2.1,156.8
128017,金禾转债,002597,金禾实业,180.4,4.9,AA,3.32,-17.8,27.12,-9.42,5.33,-12.74,19.66,-3.63,11.52,-23.96,26.87,-5.91,2020-09-30,4.69,216.0,5.52,4.4,185.3
113014,林洋转债,601222,林洋能源,102.8,16.9,AA,3.36,2.43,44.18,73.58,9.35,33.48,21.17,-23.1,8.74,30.64,44.15,4.03,2020-09-30,1.26,131.0,30.0,20.1,119.7
113013,国君转债,601211,国泰君安,112.29,30.4,AAA,3.67,-1.6,257.37,24.98,89.52,36.75,34.78,9.41,6.89,32.76,79.2,8.16,2020-09-30,1.18,"1,458",69.9,4.1,142.69
128015,久其转债,002279,久其软件,98.95,93.8,A+,3.68,5.34,18.83,1.49,-1.29,-2040.91,-6.83,-1997.22,-13.92,-2500.0,61.31,0.04,2020-09-30,4.88,34.0,7.8,11.6,192.75
127004,模塑转债,000700,模塑科技,171.3,162.0,AA,3.6,-17.4,40.55,3.1,-0.38,-142.53,-0.94,-141.41,-1.38,-136.51,66.98,-4.48,2020-09-30,1.72,45.0,1.32,1.9,333.3
128014,永东转债,002753,永东股份,103.195,65.4,AA-,3.68,3.81,16.27,-23.75,0.69,0.95,4.22,32.29,3.78,-18.53,23.02,-23.21,2020-09-30,1.68,30.0,3.37,7.1,168.6
113012,骆驼转债,601311,骆驼股份,122.93,9.9,AA,3.68,-6.46,67.89,2.08,4.51,7.2,6.64,5.06,6.71,-1.47,38.67,-8.86,2020-09-30,1.88,126.0,5.1,4.5,132.83
113011,光大转债,601818,光大银行,122.81,12.4,AAA,3.68,-6.85,1068.21,6.59,296.05,-5.71,27.71,-11.55,8.3175,-15.67,91.66,-0.31,2020-09-30,0.66,"2,221",242.0,11.9,135.21
128013,洪涛转债,002325,洪涛股份,104.098,1.5,AA-,4.58,4.08,25.62,-11.97,-0.54,-149.98,-2.11,-156.87,-1.75,-152.71,70.77,3.15,2020-09-30,1.0,30.0,11.8,40.7,105.6
127003,海印转债,000861,海印股份,104.346,44.9,AA,4.73,5.95,12.24,-28.23,1.41,18.87,11.56,65.62,3.77,12.54,60.31,-6.04,2020-09-30,1.27,50.0,6.74,9.7,149.25
113009,广汽转债,601238,广汽集团,106.0,43.2,AAA,5.13,0.0,431.49,0.27,50.02,-21.04,11.59,-21.26,6.06,-23.77,35.31,1.63,2020-09-30,1.29,"1,082",25.5,1.7,149.2
110034,九州转债,600998,九州通,109.6,12.0,AA+,5.15,-1.79,803.2,9.46,21.41,110.23,2.67,92.09,11.2,101.08,68.35,-2.11,2020-09-30,1.79,336.0,15.0,4.4,121.6
110033,国贸转债,600755,厦门国贸,108.84,17.2,AAA,5.18,-0.98,2262.32,38.83,19.63,3.79,0.87,-25.0,10.45,-3.42,74.65,3.23,2020-09-30,0.86,130.0,12.1,8.7,126.04
110031,航信转债,600271,航天信息,106.58,97.9,AAA,5.73,1.79,108.69,-43.23,1.76,-84.61,1.62,-72.91,1.47,-85.27,37.13,-6.47,2020-09-30,1.87,215.0,24.0,6.0,204.48
